year,make,model
2005,Mitsubishi,Pajero
2004,GMC,Envoy
2001,Mitsubishi,Mirage
1991,Ford,Escort
2008,Honda,CR-V
2009,BMW,X5
1988,Saab,900
1994,Chevrolet,Lumina
1999,Isuzu,Hombre Space
2003,Infiniti,Q
2006,GMC,Yukon XL
1992,BMW,3 Series
1992,Infiniti,G
2009,Kia,Carens
2005,GMC,Safari
2002,GMC,Savana 3500
1992,Toyota,Supra
1996,Geo,Metro
2000,Dodge,Dakota Club
2001,Ford,Explorer Sport
2011,Buick,Regal
2010,Nissan,Altima
2001,BMW,3 Series
2006,Dodge,Dakota Club
2004,Nissan,Altima
2011,Scion,xB
2007,Buick,Rainier
2006,GMC,Savana Cargo Van
2002,Chevrolet,Express 3500
2005,Cadillac,DeVille
1995,Chevrolet,Corvette
2003,Mercedes-Benz,C-Class
2010,Honda,CR-V
2010,Mitsubishi,Outlander
2008,Honda,Accord
1988,Buick,Reatta
1989,Mazda,929
1996,Acura,RL
2012,Bentley,Mulsanne
2008,GMC,Envoy
2001,Mercedes-Benz,M-Class
2005,Toyota,Sienna
1989,Mitsubishi,Pajero
1995,Chevrolet,Cavalier
1991,Buick,Skylark
2011,Jeep,Compass
2000,Dodge,Neon
2001,Mitsubishi,Lancer
2008,Dodge,Ram 2500
1993,Ford,Mustang
2004,BMW,Z4
2006,Maserati,Quattroporte
2000,Volvo,C70
1967,Volkswagen,Beetle
2003,Jaguar,X-Type
1995,Infiniti,G
1998,Dodge,Ram 1500 Club
2005,Buick,Century
1992,GMC,Rally Wagon 3500
2003,Toyota,Prius
1996,Honda,del Sol
2002,Dodge,Dakota Club
2006,Isuzu,i-350
2010,Bentley,Brooklands
1967,Pontiac,Firebird
1997,Chevrolet,Lumina
2009,Dodge,Challenger
1989,Ford,Aerostar
1988,Mercedes-Benz,E-Class
1990,Mercedes-Benz,W201
1995,Chevrolet,Corvette
1984,Lotus,Esprit Turbo
2012,Jaguar,XJ
2006,Lincoln,Navigator
2011,Audi,S6
1991,Pontiac,LeMans
2012,Chrysler,Town & Country
1994,Mitsubishi,3000GT
2000,Chevrolet,S10
2003,Volkswagen,Eurovan
2006,BMW,650
2006,Jaguar,XK
2000,Mitsubishi,Mirage
2004,Cadillac,Escalade
1996,Dodge,Stratus
2009,Jeep,Grand Cherokee
1995,Chevrolet,1500
1995,Toyota,Land Cruiser
2009,Volvo,C70
2008,Volkswagen,GLI
2004,Mercury,Monterey
2011,Infiniti,FX
2011,Nissan,Frontier
1995,Ford,F350
2006,Ford,Fusion
1979,Chevrolet,LUV
2008,Toyota,4Runner
1996,Chevrolet,Sportvan G30
1999,Mazda,Miata MX-5
2012,Scion,xD
