[{"year":1989,"make":"Mercury","model":"Topaz"},
{"year":1990,"make":"Ford","model":"Bronco II"},
{"year":2000,"make":"Toyota","model":"4Runner"},
{"year":2008,"make":"Acura","model":"RDX"},
{"year":2010,"make":"Lexus","model":"GS"},
{"year":1998,"make":"Dodge","model":"Ram Van 1500"},
{"year":2010,"make":"Pontiac","model":"G6"},
{"year":2002,"make":"Volvo","model":"V70"},
{"year":2010,"make":"Chevrolet","model":"Tahoe"},
{"year":2008,"make":"Lexus","model":"LS"},
{"year":1995,"make":"Mercury","model":"Villager"},
{"year":2000,"make":"Dodge","model":"Caravan"},
{"year":1998,"make":"Hyundai","model":"Elantra"},
{"year":1991,"make":"Mitsubishi","model":"GTO"},
{"year":1997,"make":"Audi","model":"A8"},
{"year":1993,"make":"Mercury","model":"Villager"},
{"year":2006,"make":"GMC","model":"Savana 3500"},
{"year":1996,"make":"Oldsmobile","model":"Aurora"},
{"year":1996,"make":"Chevrolet","model":"Tahoe"},
{"year":1996,"make":"Buick","model":"Century"},
{"year":1993,"make":"GMC","model":"Sonoma Club Coupe"},
{"year":1994,"make":"Audi","model":"V8"},
{"year":1995,"make":"Mercedes-Benz","model":"SL-Class"},
{"year":1985,"make":"Subaru","model":"Leone"},
{"year":1992,"make":"Plymouth","model":"Colt"},
{"year":1995,"make":"Mazda","model":"B-Series"},
{"year":1992,"make":"Geo","model":"Storm"},
{"year":2003,"make":"Dodge","model":"Grand Caravan"},
{"year":1987,"make":"Ford","model":"LTD Crown Victoria"},
{"year":2003,"make":"Infiniti","model":"I"},
{"year":1995,"make":"Chevrolet","model":"Sportvan G20"},
{"year":2008,"make":"GMC","model":"Canyon"},
{"year":2011,"make":"Toyota","model":"Yaris"},
{"year":2006,"make":"Chevrolet","model":"Suburban"},
{"year":2012,"make":"GMC","model":"Terrain"},
{"year":1990,"make":"Mazda","model":"Familia"},
{"year":2008,"make":"Audi","model":"A4"},
{"year":2007,"make":"Dodge","model":"Caravan"},
{"year":1996,"make":"Ford","model":"Aspire"},
{"year":1984,"make":"Pontiac","model":"6000"},
{"year":2010,"make":"Honda","model":"Odyssey"},
{"year":1993,"make":"Volkswagen","model":"Corrado"},
{"year":1990,"make":"Subaru","model":"XT"},
{"year":2004,"make":"Acura","model":"RSX"},
{"year":2002,"make":"Dodge","model":"Viper"},
{"year":1997,"make":"Isuzu","model":"Oasis"},
{"year":2010,"make":"Lincoln","model":"Town Car"},
{"year":1993,"make":"Chrysler","model":"LeBaron"},
{"year":1987,"make":"Saab","model":"9000"},
{"year":1984,"make":"Ford","model":"EXP"},
{"year":2002,"make":"Volvo","model":"S40"},
{"year":2009,"make":"Volkswagen","model":"CC"},
{"year":1986,"make":"Audi","model":"5000CS Quattro"},
{"year":2008,"make":"Lincoln","model":"Town Car"},
{"year":2006,"make":"Toyota","model":"4Runner"},
{"year":1995,"make":"Chevrolet","model":"Astro"},
{"year":2006,"make":"Nissan","model":"Maxima"},
{"year":1998,"make":"Lexus","model":"SC"},
{"year":1999,"make":"Mercedes-Benz","model":"SL-Class"},
{"year":2002,"make":"Chevrolet","model":"S10"},
{"year":1988,"make":"Mitsubishi","model":"Truck"},
{"year":1996,"make":"Holden","model":"VS Commodore"},
{"year":1992,"make":"Mercedes-Benz","model":"300SL"},
{"year":1987,"make":"Mitsubishi","model":"Cordia"},
{"year":1994,"make":"Mitsubishi","model":"Expo"},
{"year":1999,"make":"Mazda","model":"Protege"},
{"year":1996,"make":"Dodge","model":"Ram Van 1500"},
{"year":2002,"make":"BMW","model":"Z8"},
{"year":2008,"make":"Cadillac","model":"XLR-V"},
{"year":1988,"make":"Mercury","model":"Topaz"},
{"year":2010,"make":"Chevrolet","model":"Tahoe"},
{"year":2006,"make":"Lexus","model":"GS"},
{"year":2006,"make":"Chevrolet","model":"TrailBlazer"},
{"year":1997,"make":"Toyota","model":"Paseo"},
{"year":2000,"make":"Cadillac","model":"Eldorado"},
{"year":1987,"make":"Volkswagen","model":"Jetta"},
{"year":2005,"make":"Audi","model":"A6"},
{"year":1995,"make":"Chevrolet","model":"Impala SS"},
{"year":1995,"make":"Mitsubishi","model":"Chariot"},
{"year":2001,"make":"Lincoln","model":"LS"},
{"year":2000,"make":"Chrysler","model":"Grand Voyager"},
{"year":2011,"make":"Chevrolet","model":"Tahoe"},
{"year":2004,"make":"Oldsmobile","model":"Silhouette"},
{"year":1997,"make":"Toyota","model":"Celica"},
{"year":2001,"make":"Dodge","model":"Durango"},
{"year":1996,"make":"Dodge","model":"Ram 1500"},
{"year":2012,"make":"Mercedes-Benz","model":"GL-Class"},
{"year":1976,"make":"Chevrolet","model":"Camaro"},
{"year":1988,"make":"Mazda","model":"RX-7"},
{"year":2013,"make":"Kia","model":"Sorento"},
{"year":2005,"make":"Mitsubishi","model":"Endeavor"},
{"year":2009,"make":"Lamborghini","model":"Murciélago"},
{"year":2008,"make":"Cadillac","model":"CTS"},
{"year":1992,"make":"Infiniti","model":"Q"},
{"year":2007,"make":"Jaguar","model":"S-Type"},
{"year":2000,"make":"Suzuki","model":"Grand Vitara"},
{"year":1985,"make":"Mercury","model":"Capri"},
{"year":1988,"make":"Lincoln","model":"Continental"},
{"year":1994,"make":"Oldsmobile","model":"Cutlass Supreme"},
{"year":1992,"make":"Plymouth","model":"Colt Vista"}]